,bowler,over
0,P Kumar,262
1,Z Khan,217
2,A Nehra,183
3,DW Steyn,177
4,B Kumar,175
5,I Sharma,167
6,RP Singh,167
7,SL Malinga,166
8,IK Pathan,153
9,M Morkel,151
10,JA Morkel,150
11,AB Dinda,135
12,Sandeep Sharma,132
13,SR Watson,128
14,DS Kulkarni,126
15,UT Yadav,124
16,R Vinay Kumar,124
17,R Ashwin,117
18,MM Sharma,116
19,MM Patel,109
20,MG Johnson,97
21,S Sreesanth,95
22,Harbhajan Singh,91
23,JH Kallis,86
24,SP Narine,83
25,MS Gony,81
26,B Lee,81
27,L Balaji,75
28,MJ McClenaghan,75
29,S Aravind,71
30,RJ Harris,71
31,CH Morris,67
32,JD Unadkat,64
33,JP Faulkner,62
34,TG Southee,60
35,YK Pathan,59
36,DP Nannes,57
37,JJ Bumrah,57
38,DE Bollinger,54
39,PJ Sangwan,53
40,Mohammed Shami,52
41,MA Starc,49
42,NM Coulter-Nile,48
43,VR Aaron,48
44,Shakib Al Hasan,47
45,Iqbal Abdulla,46
46,WD Parnell,45
47,P Awana,45
48,IC Pandey,44
49,A Singh,44
50,BW Hilfenhaus,40
51,PP Ojha,40
52,SW Tait,38
53,GD McGrath,37
54,S Nadeem,36
55,DJ Bravo,35
56,SM Pollock,34
57,WPUJC Vaas,33
58,J Botha,32
59,HV Patel,32
60,AD Russell,32
61,NLTC Perera,30
62,M Kartik,30
63,AC Thomas,30
64,AB Agarkar,30
65,MC Henriques,29
66,TA Boult,28
67,DT Christian,28
68,YS Chahal,28
69,MF Maharoof,28
70,AD Mascarenhas,28
71,S Tyagi,28
72,Anureet Singh,27
73,S Kaul,27
74,KW Richardson,27
75,AR Patel,27
76,KV Sharma,26
77,M Ntini,26
78,S Badree,26
79,PP Chawla,26
80,R Rampaul,26
81,JP Duminy,25
82,Pankaj Singh,25
83,M Muralitharan,25
84,R McLaren,25
85,BB Sran,24
86,A Chandila,24
87,Azhar Mahmood,24
88,AA Chavan,24
89,AN Ahmed,23
90,Ankit Sharma,23
91,STR Binny,23
92,RR Powar,22
93,SJ Srivastava,22
94,Sohail Tanvir,22
95,SMSM Senanayake,21
96,SK Trivedi,21
97,VS Malik,21
98,PJ Cummins,21
99,AD Mathews,21
100,CH Gayle,20
101,A Mishra,20
102,A Symonds,19
103,JDP Oram,18
104,A Kumble,18
105,Washington Sundar,18
106,Basil Thampi,17
107,DP Vijaykumar,17
108,Mustafizur Rahman,17
109,BA Bhatt,16
110,JO Holder,16
111,V Pratap Singh,16
112,KK Cooper,16
113,SB Jakati,16
114,SN Thakur,16
115,DL Vettori,15
116,Mohammad Asif,15
117,R Sharma,15
118,SE Bond,15
119,SB Wagh,15
120,RA Jadeja,14
121,Kamran Khan,14
122,J Yadav,14
123,CK Langeveldt,14
124,YA Abdulla,14
125,Harmeet Singh,14
126,CRD Fernando,13
127,PV Tambe,13
128,Bipul Sharma,13
129,R Dhawan,13
130,AG Murtaza,13
131,BA Stokes,13
132,FH Edwards,13
133,VY Mahesh,13
134,MN Samuels,13
135,VRV Singh,13
136,MR Marsh,12
137,CJ Anderson,12
138,K Rabada,12
139,DJ Muthuswami,12
140,CR Woakes,12
141,KMDN Kulasekara,11
142,Parvez Rasool,11
143,DR Smith,11
144,AM Salvi,11
145,DL Chahar,11
146,A Mithun,11
147,SK Raina,11
148,J Theron,11
149,S Narwal,11
150,P Suyal,10
151,T Thushara,10
152,Mohammed Siraj,10
153,M de Lange,10
154,BAW Mendis,10
155,BE Hendricks,10
156,D Wiese,10
157,Rashid Khan,9
158,DJ Hooda,9
159,R Shukla,9
160,RG Sharma,9
161,AS Rajpoot,8
162,MP Stoinis,8
163,GB Hogg,8
164,JE Taylor,8
165,AL Menaria,8
166,KH Pandya,8
167,Y Venugopal Rao,7
168,Anand Rajan,7
169,AB McDonald,7
170,TM Dilshan,7
171,TS Mills,7
172,SB Styris,7
173,KJ Abbott,7
174,AF Milne,7
175,Jaskaran Singh,7
176,Shoaib Akhtar,7
177,P Negi,6
178,BJ Hodge,6
179,DJ Hussey,6
180,RE van der Merwe,6
181,DNT Zoysa,6
182,BCJ Cutting,6
183,P Parameswaran,6
184,Mohammad Nabi,6
185,CJ Jordan,6
186,A Choudhary,6
187,KA Pollard,6
188,JW Hastings,6
189,B Stanlake,6
190,SK Warne,6
191,J Suchith,6
192,Umar Gul,6
193,Imran Tahir,6
194,AJ Tye,6
195,K Upadhyay,6
196,AP Dole,5
197,JJ van der Wath,5
198,HH Pandya,5
199,LR Shukla,5
200,GJ Maxwell,5
201,LH Ferguson,5
202,KC Cariappa,5
203,Kuldeep Yadav,5
204,AA Jhunjhunwala,5
205,Shahid Afridi,4
206,Joginder Sharma,4
207,NB Singh,4
208,T Natarajan,4
209,GH Vihari,4
210,B Geeves,4
211,DJG Sammy,4
212,TP Sudhindra,4
213,S Kaushik,3
214,S Ladda,3
215,S Dhawan,3
216,KP Pietersen,3
217,JR Hopes,3
218,SC Ganguly,3
219,CR Brathwaite,3
220,D du Preez,3
221,SM Harwood,3
222,SM Boland,3
223,J Syed Mohammad,3
224,K Santokie,3
225,KAJ Roach,3
226,KP Appanna,3
227,Shoaib Ahmed,3
228,SB Bangar,3
229,SA Abbott,3
230,ND Doshi,3
231,MJ Henry,3
232,M Ashwin,2
233,Gurkeerat Singh,2
234,C de Grandhomme,2
235,RR Bose,2
236,CJ McKay,2
237,RJ Peterson,2
238,AC Voges,2
239,NJ Rimmington,2
240,A Flintoff,2
241,A Uniyal,2
242,Mashrafe Mortaza,2
243,Harmeet Singh (2),2
244,Avesh Khan,2
245,JEC Franklin,2
246,NL McCullum,2
247,V Sehwag,2
248,R Bhatia,2
249,Karanveer Singh,2
250,L Ablish,2
251,S Randiv,2
252,A Zampa,1
253,S Gopal,1
254,AA Noffke,1
255,ST Jayasuriya,1
256,SA Yadav,1
257,SS Sarkar,1
258,RW Price,1
259,SD Chitnis,1
260,A Ashish Reddy,1
261,RR Raje,1
262,MG Neser,1
263,M Vijay,1
264,Tejas Baroka,1
265,LJ Wright,1
266,LA Carseldine,1
267,KS Williamson,1
268,Ankit Soni,1
269,JDS Neesham,1
270,JD Ryder,1
271,B Akhil,1
272,Gagandeep Singh,1
273,GS Sandhu,1
274,GR Napier,1
275,VS Yeligati,1
276,DAJ Bracewell,1
277,Y Nagar,1
278,MB Parmar,1
279,SS Mundhe,1
280,PM Sarvesh Kumar,1
281,P Sahu,1
282,RR Bhatkal,1
283,RG More,1
284,Sunny Gupta,1
285,RA Shaikh,1
286,R Tewatia,1
287,TL Suman,1
288,SS Agarwal,1
289,AJ Finch,1
290,P Amarnath,1
291,AM Nayar,1
292,A Nel,1
293,V Shankar,0
294,T Shamsi,0
295,T Henderson,0
296,Swapnil Singh,0
297,V Kohli,0
298,Shivam Sharma,0
299,WA Mota,0
300,Shoaib Malik,0
301,Y Gnaneswara Rao,0
302,TM Head,0
303,Yuvraj Singh,0
304,Sachin Baby,0
305,BMAJ Mendis,0
306,SR Tendulkar,0
307,F du Plessis,0
308,LRPL Taylor,0
309,LPC Silva,0
310,LMP Simmons,0
311,Abdur Razzak,0
312,K Goel,0
313,JM Kemp,0
314,B Chipli,0
315,B Laughlin,0
316,I Malhotra,0
317,FY Fazal,0
318,DJ Thornely,0
319,SPD Smith,0
320,DJ Harris,0
321,DB Ravi Teja,0
322,D Salunkhe,0
323,D Kalyankrishna,0
324,CL White,0
325,CK Kapugedera,0
326,BJ Rohrer,0
327,C Nanda,0
328,C Munro,0
329,C Ganapathy,0
330,M Manhas,0
331,AUK Pathan,0
332,MA Khote,0
333,AS Raut,0
334,AA Kazi,0
335,SB Joshi,0
336,S Vidyut,0
337,S Sriram,0
338,S Rana,0
339,AC Gilchrist,0
340,RV Gomez,0
341,RS Gavaskar,0
342,RS Bopara,0
343,RN ten Doeschate,0
344,RD Chahar,0
345,RA Tripathi,0
346,R Sathish,0
347,R Ninan,0
348,PD Collingwood,0
349,PC Valthaty,0
350,P Prasanth,0
351,AM Rahane,0
352,Mohammad Hafeez,0
353,MK Tiwary,0
354,MJ Clarke,0
355,N Rana,0
